<?xml version="1.0"?>
<config>
	<sections>
       <ajaxcart>
			<label>Ajax Cart</label>
            <tab>tregoextensions</tab>
            <class>trego-ajaxcart</class>
            <frontend_type>text</frontend_type>
            <sort_order>150</sort_order>
            <show_in_default>1</show_in_default>
            <show_in_website>1</show_in_website>
            <show_in_store>1</show_in_store>
			<groups>
				<general translate="label">
					<label>General</label>
					<frontend_type>text</frontend_type>
					<sort_order>0</sort_order>
					<show_in_default>1</show_in_default>
					<show_in_website>1</show_in_website>
					<show_in_store>1</show_in_store>
					<fields>
						<loader_image translate="label comment">
                            <label>Loader Image</label>
                            <comment>Allowed file types: PNG, GIF, JPG, JPEG.</comment>
                            <frontend_type>image</frontend_type>
                            <backend_model>ajaxcart/system_config_backend_image_loader</backend_model>
                            <base_url type="media" scope_info="1">ajaxcart</base_url>
                            <sort_order>3</sort_order>
                            <show_in_default>1</show_in_default>
                            <show_in_website>1</show_in_website>
                            <show_in_store>1</show_in_store>
                        </loader_image>
						<custom_css>
							<label>Custom CSS</label>
							<frontend_type>textarea</frontend_type>							
							<sort_order>4</sort_order>
							<show_in_default>1</show_in_default>
							<show_in_website>1</show_in_website>
							<show_in_store>1</show_in_store>
						</custom_css>
					</fields>					
				</general>	
				<addtocart translate="label">
					<label>Add To Cart</label>
					<frontend_type>text</frontend_type>
					<sort_order>1</sort_order>
					<show_in_default>1</show_in_default>
					<show_in_website>1</show_in_website>
					<show_in_store>1</show_in_store>
					<fields>
						<enablecategory translate="label">
							<label>Enable For Category Page</label>
							<frontend_type>select</frontend_type>
							<source_model>adminhtml/system_config_source_yesno</source_model>
							<sort_order>1</sort_order>
							<show_in_default>1</show_in_default>
							<show_in_website>1</show_in_website>
							<show_in_store>1</show_in_store>
						</enablecategory>
						<enableproduct>
							<label>Enable For Product Page</label>
							<frontend_type>select</frontend_type>
							<source_model>adminhtml/system_config_source_yesno</source_model>
							<sort_order>2</sort_order>
							<show_in_default>1</show_in_default>
							<show_in_website>1</show_in_website>
							<show_in_store>1</show_in_store>
						</enableproduct>
						<enableothers>
							<label>Enable For Sidebar</label>
							<frontend_type>select</frontend_type>
							<source_model>adminhtml/system_config_source_yesno</source_model>
							<sort_order>3</sort_order>
							<show_in_default>1</show_in_default>
							<show_in_website>1</show_in_website>
							<show_in_store>1</show_in_store>
						</enableothers>	
						<gotocarttext>
							<label>Go To Cart Text</label>
							<frontend_type>text</frontend_type>
							<source_model>adminhtml/system_config_source_yesno</source_model>
							<sort_order>4</sort_order>
							<show_in_default>1</show_in_default>
							<show_in_website>1</show_in_website>
							<show_in_store>1</show_in_store>
						</gotocarttext>	
						<continueshoppingtext>
							<label>Continue Shopping Text</label>
							<frontend_type>text</frontend_type>
							<source_model>adminhtml/system_config_source_yesno</source_model>
							<sort_order>5</sort_order>
							<show_in_default>1</show_in_default>
							<show_in_website>1</show_in_website>
							<show_in_store>1</show_in_store>
						</continueshoppingtext>	
					</fields>					
				</addtocart>
				<addtolinks translate="label">
					<label>Add To Links</label>
					<frontend_type>text</frontend_type>
					<sort_order>2</sort_order>
					<show_in_default>1</show_in_default>
					<show_in_website>1</show_in_website>
					<show_in_store>1</show_in_store>
					<fields>
						<enablecategory translate="label">
							<label>Enable For Category Page</label>
							<frontend_type>select</frontend_type>
							<source_model>adminhtml/system_config_source_yesno</source_model>
							<sort_order>1</sort_order>
							<show_in_default>1</show_in_default>
							<show_in_website>1</show_in_website>
							<show_in_store>1</show_in_store>
						</enablecategory>
						<enableproduct>
							<label>Enable for Product Page</label>
							<frontend_type>select</frontend_type>
							<source_model>adminhtml/system_config_source_yesno</source_model>
							<sort_order>2</sort_order>
							<show_in_default>1</show_in_default>
							<show_in_website>1</show_in_website>
							<show_in_store>1</show_in_store>
						</enableproduct>
                        <enableothers>
                            <label>Enable For Sidebar</label>
                            <frontend_type>select</frontend_type>
                            <source_model>adminhtml/system_config_source_yesno</source_model>
                            <sort_order>3</sort_order>
                            <show_in_default>1</show_in_default>
                            <show_in_website>1</show_in_website>
                            <show_in_store>1</show_in_store>
                        </enableothers>
					</fields>					
				</addtolinks>
			</groups>
		</ajaxcart>	
    </sections>
</config>