<?xml version="1.0"?>
    <adminhtml>
		<acl>
			<resources>
				<all>
					<title>Allow Everything</title>
				</all>
				<admin>
					<children>
						<system>
      					    <children>
      						    <config>
      							    <children>
      								    <filterproducts translate="title" module="filterproducts">
      									    <title>Filterproducts Configuration</title>
      								    </filterproducts>
      							    </children>
      						    </config>
      					    </children>
      				    </system>
						<Trego_Filterproducts>
							<title>Filterproducts Module</title>
							<sort_order>205</sort_order>
						</Trego_Filterproducts>
					</children>
				</admin>
			</resources>
		</acl>
	</adminhtml>