<?xml version="1.0"?>
<config>
    <sections>
        <filterproducts translate="label" module="filterproducts">
            <label>Filterproducts Configuration</label>
            <tab>tregoextensions</tab>
            <frontend_type>text</frontend_type>
            <sort_order>206</sort_order>
            <show_in_default>1</show_in_default>
            <show_in_website>1</show_in_website>
            <show_in_store>1</show_in_store>
            <groups>
                <bestseller translate="label" module="filterproducts">
                    <label>Bestsellers Configuration</label>
                    <frontend_type>text</frontend_type>
                    <sort_order>10</sort_order>
                    <show_in_default>1</show_in_default>
                    <show_in_website>1</show_in_website>
                    <show_in_store>1</show_in_store>
                    <fields>
						<active translate="label">
	                      <label>Enabled</label>
	                      <frontend_type>select</frontend_type>
	                      <source_model>adminhtml/system_config_source_yesno</source_model>
	                      <sort_order>1</sort_order>
	                      <show_in_default>1</show_in_default>
		                  <show_in_website>1</show_in_website>
		                  <show_in_store>1</show_in_store>
	                  	</active>
                        <max_product translate="label" module="filterproducts">
                            <label>Maximum No Of Products To Dispay</label>
                            <frontend_type>text</frontend_type>
                            <validate>validate-greater-than-zero</validate>
                            <sort_order>10</sort_order>
                            <show_in_default>1</show_in_default>
                            <show_in_website>1</show_in_website>
                            <show_in_store>1</show_in_store>
                        </max_product>
                        <title translate="label" module="filterproducts">
                            <label>Popup Title</label>
                            <frontend_type>text</frontend_type>
							<sort_order>30</sort_order>
                            <show_in_default>1</show_in_default>
                            <show_in_website>1</show_in_website>
                            <show_in_store>1</show_in_store>
                        </title>
                    </fields>
                </bestseller>
				<featured translate="label" module="filterproducts">
                    <label>Feature Product Configuration</label>
                    <frontend_type>text</frontend_type>
                    <sort_order>20</sort_order>
                    <show_in_default>1</show_in_default>
                    <show_in_website>1</show_in_website>
                    <show_in_store>1</show_in_store>
                    <fields>
						<active translate="label">
	                      <label>Enabled</label>
	                      <frontend_type>select</frontend_type>
	                      <source_model>adminhtml/system_config_source_yesno</source_model>
	                      <sort_order>1</sort_order>
	                      <show_in_default>1</show_in_default>
		                  <show_in_website>1</show_in_website>
		                  <show_in_store>1</show_in_store>
	                  </active>
                        <max_product translate="label" module="filterproducts">
                            <label>Maximum No Of Products To Dispay</label>
                            <frontend_type>text</frontend_type>
                            <validate>validate-greater-than-zero</validate>
                            <sort_order>10</sort_order>
                            <show_in_default>1</show_in_default>
                            <show_in_website>1</show_in_website>
                            <show_in_store>1</show_in_store>
                        </max_product>
                        <menu translate="label" module="filterproducts">
                            <label>Menu Title</label>
                            <frontend_type>text</frontend_type>
                            <sort_order>20</sort_order>
                            <show_in_default>1</show_in_default>
                            <show_in_website>1</show_in_website>
                            <show_in_store>1</show_in_store>
                        </menu>
                        <title translate="label" module="filterproducts">
                            <label>Title</label>
                            <frontend_type>text</frontend_type>
                            <sort_order>30</sort_order>
                            <show_in_default>1</show_in_default>
                            <show_in_website>1</show_in_website>
                            <show_in_store>1</show_in_store>
                        </title>
                    </fields>
                </featured>
				<new translate="label" module="filterproducts">
                    <label>Latest Product Configuration</label>
                    <frontend_type>text</frontend_type>
                    <sort_order>40</sort_order>
                    <show_in_default>1</show_in_default>
                    <show_in_website>1</show_in_website>
                    <show_in_store>1</show_in_store>
                    <fields>
						<active translate="label">
	                      <label>Enabled</label>
	                      <frontend_type>select</frontend_type>
	                      <source_model>adminhtml/system_config_source_yesno</source_model>
	                      <sort_order>1</sort_order>
	                      <show_in_default>1</show_in_default>
		                  <show_in_website>1</show_in_website>
		                  <show_in_store>1</show_in_store>
	                  	</active>
                        <max_product translate="label" module="filterproducts">
                            <label>Maximum No Of Products To Dispay</label>
                            <frontend_type>text</frontend_type>
                            <validate>validate-greater-than-zero</validate>
                            <sort_order>10</sort_order>
                            <show_in_default>1</show_in_default>
                            <show_in_website>1</show_in_website>
                            <show_in_store>1</show_in_store>
                        </max_product>
                        <menu translate="label" module="filterproducts">
                            <label>Menu Title</label>
                            <frontend_type>text</frontend_type>
                            <sort_order>20</sort_order>
                            <show_in_default>1</show_in_default>
                            <show_in_website>1</show_in_website>
                            <show_in_store>1</show_in_store>
                        </menu>
                        <title translate="label" module="filterproducts">
                            <label>Title</label>
                            <frontend_type>text</frontend_type>
                            <sort_order>30</sort_order>
                            <show_in_default>1</show_in_default>
                            <show_in_website>1</show_in_website>
                            <show_in_store>1</show_in_store>
                        </title>
                    </fields>
                </new>
				<special translate="label" module="filterproducts">
                    <label>Special Product Configuration</label>
                    <frontend_type>text</frontend_type>
                    <sort_order>60</sort_order>
                    <show_in_default>1</show_in_default>
                    <show_in_website>1</show_in_website>
                    <show_in_store>1</show_in_store>
                    <fields>
						<active translate="label">
	                      <label>Enabled</label>
	                      <frontend_type>select</frontend_type>
	                      <source_model>adminhtml/system_config_source_yesno</source_model>
	                      <sort_order>1</sort_order>
	                      <show_in_default>1</show_in_default>
		                  <show_in_website>1</show_in_website>
		                  <show_in_store>1</show_in_store>
	                  	</active>
						<max_product translate="label" module="filterproducts">
                            <label>Maximum No Of Products To Dispay</label>
                            <frontend_type>text</frontend_type>
                            <validate>validate-greater-than-zero</validate>
                            <sort_order>10</sort_order>
                            <show_in_default>1</show_in_default>
                            <show_in_website>1</show_in_website>
                            <show_in_store>1</show_in_store>
                        </max_product>
                        <menu translate="label" module="filterproducts">
                            <label>Menu Title</label>
                            <frontend_type>text</frontend_type>
                            <sort_order>20</sort_order>
                            <show_in_default>1</show_in_default>
                            <show_in_website>1</show_in_website>
                            <show_in_store>1</show_in_store>
                        </menu>
                        <title translate="label" module="filterproducts">
                            <label>Title</label>
                            <frontend_type>text</frontend_type>
                            <sort_order>40</sort_order>
                            <show_in_default>1</show_in_default>
                            <show_in_website>1</show_in_website>
                            <show_in_store>1</show_in_store>
                        </title>
                    </fields>
                </special>
             </groups>
        </filterproducts>
    </sections>
</config>
