<config>
    <acl>
        <resources>
            <admin>
                <children>
                    <system>
                        <children>
                            <config>
                                <children>
                                    <quickview translate="title" module="quickview">
                                        <title>Quick View Settings</title>
                                        <sort_order>150</sort_order>
                                    </quickview>
                                </children>
                            </config>
                        </children>
                    </system>
                </children>
            </admin>
        </resources>
    </acl>
</config>
