<?xml version="1.0"?>
<config>
    <sections>
        <quickview translate="label" module="quickview">
            <class>separator-top</class>
            <label>Quick View</label>
            <tab>tregoextensions</tab>
            <sort_order>250</sort_order>
            <show_in_default>1</show_in_default>
            <show_in_website>1</show_in_website>
            <show_in_store>1</show_in_store>
            <groups>
                <viewsetting translate="label" module="quickview">
                    <label>Quick View Settings</label>
                    <frontend_type>text</frontend_type>
                    <sort_order>1</sort_order>
                    <show_in_default>1</show_in_default>
                    <show_in_website>1</show_in_website>
                    <show_in_store>1</show_in_store>
                    <fields>
						<enableview translate="label">
                            <label>Enable Quick View</label>
                            <frontend_type>select</frontend_type>
                            <source_model>adminhtml/system_config_source_yesno</source_model>
                            <sort_order>1</sort_order>
                            <show_in_default>1</show_in_default>
                            <show_in_website>1</show_in_website>
                            <show_in_store>1</show_in_store>
                        </enableview>
                        <dialog_width translate="label">
                            <label>Dialog Width</label>
                            <frontend_type>text</frontend_type>
                            <sort_order>3</sort_order>
                            <show_in_default>1</show_in_default>
                            <show_in_website>1</show_in_website>
                            <show_in_store>1</show_in_store>
                        </dialog_width>
                        <title translate="label">
                            <label>QuickView icon Title</label>
                            <frontend_type>text</frontend_type>
                            <sort_order>5</sort_order>
                            <show_in_default>1</show_in_default>
                            <show_in_website>1</show_in_website>
                            <show_in_store>1</show_in_store>
                        </title>
                    </fields>
                </viewsetting>
            </groups>
        </quickview>
    </sections>
</config>
