<?xml version="1.0"?>
<config>
    <sections>
        <twitterfeed translate="label comment" module="twitterfeed">
            <tab>tregoextensions</tab>
            <label>Twitter Feed</label>
            <frontend_type>text</frontend_type>
            <sort_order>203</sort_order>
            <show_in_default>1</show_in_default>
            <show_in_website>1</show_in_website>
            <show_in_store>1</show_in_store>
            <groups>
                <general translate="label comment" module="twitterfeed">
                    <label>General Settings</label>
                    <frontend_type>text</frontend_type>
                    <sort_order>1</sort_order>
                    <show_in_default>1</show_in_default>
                    <show_in_website>1</show_in_website>
                    <show_in_store>1</show_in_store>
                    <fields>
                        <trego_twitter_widgetkey translate="label">
                            <label>Twitter Widget ID</label>
                            <frontend_type>text</frontend_type>
                            <sort_order>1</sort_order>
                            <show_in_default>1</show_in_default>
                            <show_in_website>1</show_in_website>
                            <show_in_store>1</show_in_store>
                        </trego_twitter_widgetkey>
                        <trego_twitter_show_counts translate="label">
                            <label>Tweets Counts</label>
                            <frontend_type>text</frontend_type>
                            <sort_order>2</sort_order>
                            <show_in_default>1</show_in_default>
                            <show_in_website>1</show_in_website>
                            <show_in_store>1</show_in_store>
                        </trego_twitter_show_counts>
                    </fields>
                </general>
            </groups>
        </twitterfeed>
    </sections>
</config>
