<?xml version="1.0"?>
<config>
    <sections>
        <socialicons translate="label comment" module="socialicons">
            <tab>tregoextensions</tab>
            <label>Social Icons</label>
            <frontend_type>text</frontend_type>
            <sort_order>205</sort_order>
            <show_in_default>1</show_in_default>
            <show_in_website>1</show_in_website>
            <show_in_store>1</show_in_store>
            <groups>
                <general translate="label comment" module="socialicons">
                    <label>General Settings</label>
                    <frontend_type>text</frontend_type>
                    <sort_order>1</sort_order>
                    <show_in_default>1</show_in_default>
                    <show_in_website>1</show_in_website>
                    <show_in_store>1</show_in_store>
                    <fields>
                        <enabled translate="label">
                            <label>Enable Module</label>
                            <frontend_type>select</frontend_type>
                            <source_model>adminhtml/system_config_source_enabledisable</source_model>
                            <sort_order>1</sort_order>
                            <show_in_default>1</show_in_default>
                            <show_in_website>1</show_in_website>
                            <show_in_store>1</show_in_store>
                        </enabled>
                    </fields>
                </general>
                <options translate="label comment" module="socialicons">
                    <label>Options</label>
                    <frontend_type>text</frontend_type>
                    <sort_order>2</sort_order>
                    <show_in_default>1</show_in_default>
                    <show_in_website>1</show_in_website>
                    <show_in_store>1</show_in_store>
                    <fields>
                        <facebook_visible translate="label">
                            <label>Facebook</label>
                            <frontend_type>select</frontend_type>
                            <source_model>adminhtml/system_config_source_yesno</source_model>
                            <sort_order>1</sort_order>
                            <show_in_default>1</show_in_default>
                            <show_in_website>1</show_in_website>
                            <show_in_store>1</show_in_store>
                        </facebook_visible>
                        <facebook_url translate="label">
                            <label>Facebook URL</label>
                            <frontend_type>text</frontend_type>
                            <sort_order>2</sort_order>
                            <show_in_default>1</show_in_default>
                            <show_in_website>1</show_in_website>
                            <show_in_store>1</show_in_store>
                        </facebook_url>
                        <facebook_sortorder translate="label">
                            <label>Facebook Order</label>
                            <frontend_type>text</frontend_type>
                            <sort_order>3</sort_order>
                            <show_in_default>1</show_in_default>
                            <show_in_website>1</show_in_website>
                            <show_in_store>1</show_in_store>
                        </facebook_sortorder>
                        <twitter_visible translate="label">
                            <label>Twitter</label>
                            <frontend_type>select</frontend_type>
                            <source_model>adminhtml/system_config_source_yesno</source_model>
                            <sort_order>4</sort_order>
                            <show_in_default>1</show_in_default>
                            <show_in_website>1</show_in_website>
                            <show_in_store>1</show_in_store>
                        </twitter_visible>
                        <twitter_url translate="label">
                            <label>Tweet URL</label>
                            <frontend_type>text</frontend_type>
                            <sort_order>5</sort_order>
                            <show_in_default>1</show_in_default>
                            <show_in_website>1</show_in_website>
                            <show_in_store>1</show_in_store>
                        </twitter_url>
                        <twitter_sortorder translate="label">
                            <label>Twitter Order</label>
                            <frontend_type>text</frontend_type>
                            <sort_order>6</sort_order>
                            <show_in_default>1</show_in_default>
                            <show_in_website>1</show_in_website>
                            <show_in_store>1</show_in_store>
                        </twitter_sortorder>
                        <linkedin_visible translate="label">
                            <label>Linkedin</label>
                            <frontend_type>select</frontend_type>
                            <source_model>adminhtml/system_config_source_yesno</source_model>
                            <sort_order>7</sort_order>
                            <show_in_default>1</show_in_default>
                            <show_in_website>1</show_in_website>
                            <show_in_store>1</show_in_store>
                        </linkedin_visible>
                        <linkedin_url translate="label">
                            <label>Linkedin URL</label>
                            <frontend_type>text</frontend_type>
                            <sort_order>8</sort_order>
                            <show_in_default>1</show_in_default>
                            <show_in_website>1</show_in_website>
                            <show_in_store>1</show_in_store>
                        </linkedin_url>
                        <linkedin_sortorder translate="label">
                            <label>Linkedin Order</label>
                            <frontend_type>text</frontend_type>
                            <sort_order>9</sort_order>
                            <show_in_default>1</show_in_default>
                            <show_in_website>1</show_in_website>
                            <show_in_store>1</show_in_store>
                        </linkedin_sortorder>
                        <flickr_visible translate="label">
                            <label>Flickr</label>
                            <frontend_type>select</frontend_type>
                            <source_model>adminhtml/system_config_source_yesno</source_model>
                            <sort_order>10</sort_order>
                            <show_in_default>1</show_in_default>
                            <show_in_website>1</show_in_website>
                            <show_in_store>1</show_in_store>
                        </flickr_visible>
                        <flickr_url translate="label">
                            <label>Flickr URL</label>
                            <frontend_type>text</frontend_type>
                            <sort_order>11</sort_order>
                            <show_in_default>1</show_in_default>
                            <show_in_website>1</show_in_website>
                            <show_in_store>1</show_in_store>
                        </flickr_url>
                       <!-- <flickr_sortorder translate="label">
                            <label>Flickr Order</label>
                            <frontend_type>text</frontend_type>
                            <sort_order>12</sort_order>
                            <show_in_default>1</show_in_default>
                            <show_in_website>1</show_in_website>
                            <show_in_store>1</show_in_store>
                        </flickr_sortorder>-->
                        <googleplus_visible translate="label">
                            <label>Googleplus</label>
                            <frontend_type>select</frontend_type>
                            <source_model>adminhtml/system_config_source_yesno</source_model>
                            <sort_order>13</sort_order>
                            <show_in_default>1</show_in_default>
                            <show_in_website>1</show_in_website>
                            <show_in_store>1</show_in_store>
                        </googleplus_visible>
                        <googleplus_url translate="label">
                            <label>Googleplus URL</label>
                            <frontend_type>text</frontend_type>
                            <sort_order>14</sort_order>
                            <show_in_default>1</show_in_default>
                            <show_in_website>1</show_in_website>
                            <show_in_store>1</show_in_store>
                        </googleplus_url>
                        <googleplus_sortorder translate="label">
                            <label>Googleplus Order</label>
                            <frontend_type>text</frontend_type>
                            <sort_order>15</sort_order>
                            <show_in_default>1</show_in_default>
                            <show_in_website>1</show_in_website>
                            <show_in_store>1</show_in_store>
                        </googleplus_sortorder>
                        <youtube_visible translate="label">
                            <label>Youtube</label>
                            <frontend_type>select</frontend_type>
                            <source_model>adminhtml/system_config_source_yesno</source_model>
                            <sort_order>16</sort_order>
                            <show_in_default>1</show_in_default>
                            <show_in_website>1</show_in_website>
                            <show_in_store>1</show_in_store>
                        </youtube_visible>
                        <youtube_url translate="label">
                            <label>Youtube URL</label>
                            <frontend_type>text</frontend_type>
                            <sort_order>17</sort_order>
                            <show_in_default>1</show_in_default>
                            <show_in_website>1</show_in_website>
                            <show_in_store>1</show_in_store>
                        </youtube_url>
                        <youtube_sortorder translate="label">
                            <label>Youtube Order</label>
                            <frontend_type>text</frontend_type>
                            <sort_order>18</sort_order>
                            <show_in_default>1</show_in_default>
                            <show_in_website>1</show_in_website>
                            <show_in_store>1</show_in_store>
                        </youtube_sortorder>

                        <pinterest_visible translate="label">
                            <label>Pinterest</label>
                            <frontend_type>select</frontend_type>
                            <source_model>adminhtml/system_config_source_yesno</source_model>
                            <sort_order>19</sort_order>
                            <show_in_default>1</show_in_default>
                            <show_in_website>1</show_in_website>
                            <show_in_store>1</show_in_store>
                        </pinterest_visible>
                        <pinterest_url translate="label">
                            <label>Pinterest URL</label>
                            <frontend_type>text</frontend_type>
                            <sort_order>20</sort_order>
                            <show_in_default>1</show_in_default>
                            <show_in_website>1</show_in_website>
                            <show_in_store>1</show_in_store>
                        </pinterest_url>
                        <pinterest_sortorder translate="label">
                            <label>Pinterest Order</label>
                            <frontend_type>text</frontend_type>
                            <sort_order>21</sort_order>
                            <show_in_default>1</show_in_default>
                            <show_in_website>1</show_in_website>
                            <show_in_store>1</show_in_store>
                        </pinterest_sortorder>

                        <instagram_visible translate="label">
                            <label>Instagram</label>
                            <frontend_type>select</frontend_type>
                            <source_model>adminhtml/system_config_source_yesno</source_model>
                            <sort_order>22</sort_order>
                            <show_in_default>1</show_in_default>
                            <show_in_website>1</show_in_website>
                            <show_in_store>1</show_in_store>
                        </instagram_visible>
                        <instagram_url translate="label">
                            <label>Instagram URL</label>
                            <frontend_type>text</frontend_type>
                            <sort_order>23</sort_order>
                            <show_in_default>1</show_in_default>
                            <show_in_website>1</show_in_website>
                            <show_in_store>1</show_in_store>
                        </instagram_url>
                        <instagram_sortorder translate="label">
                            <label>Instagram Order</label>
                            <frontend_type>text</frontend_type>
                            <sort_order>24</sort_order>
                            <show_in_default>1</show_in_default>
                            <show_in_website>1</show_in_website>
                            <show_in_store>1</show_in_store>
                        </instagram_sortorder>
                    </fields>
                </options>
            </groups>
        </socialicons>
    </sections>
</config>
