<?xml version="1.0"?>
<config>
    <sections>
        <trego_design translate="label comment" module="trego">
            <tab>tregotheme</tab>
            <label>Theme Design</label>
            <frontend_type>text</frontend_type>
            <sort_order>302</sort_order>
            <show_in_default>1</show_in_default>
            <show_in_website>1</show_in_website>
            <show_in_store>1</show_in_store>
            <groups>
                <colors translate="label comment" module="trego">
                    <label>Colors</label>
                    <frontend_type>text</frontend_type>
                    <sort_order>1</sort_order>
                    <show_in_default>1</show_in_default>
                    <show_in_website>1</show_in_website>
                    <show_in_store>1</show_in_store>
                    <fields>
                        <heading_basic_colors translate="label">
                            <label>Basic Colors</label>
                            <frontend_model>adminhtml/system_config_form_field_heading</frontend_model>
                            <sort_order>0</sort_order>
                            <show_in_default>1</show_in_default>
                            <show_in_website>1</show_in_website>
                            <show_in_store>1</show_in_store>
                        </heading_basic_colors>
                        <color translate="label">
                            <label>Text Color</label>
                            <frontend_type>text</frontend_type>
                            <frontend_model>trego/adminhtml_system_config_form_field_color</frontend_model>
                            <backend_model>trego/system_config_backend_design_color_validatetransparent</backend_model>
                            <sort_order>10</sort_order>
                            <show_in_default>1</show_in_default>
                            <show_in_website>1</show_in_website>
                            <show_in_store>1</show_in_store>
                        </color>
                        <link_color translate="label">
                            <label>Link Color</label>
                            <frontend_type>text</frontend_type>
                            <frontend_model>trego/adminhtml_system_config_form_field_color</frontend_model>
                            <backend_model>trego/system_config_backend_design_color_validatetransparent</backend_model>
                            <sort_order>20</sort_order>
                            <show_in_default>1</show_in_default>
                            <show_in_website>1</show_in_website>
                            <show_in_store>1</show_in_store>
                        </link_color>
                        <link_hover_color translate="label">
                            <label>Link Hover Color</label>
                            <frontend_type>text</frontend_type>
                            <frontend_model>trego/adminhtml_system_config_form_field_color</frontend_model>
                            <backend_model>trego/system_config_backend_design_color_validatetransparent</backend_model>
                            <sort_order>30</sort_order>
                            <show_in_default>1</show_in_default>
                            <show_in_website>1</show_in_website>
                            <show_in_store>1</show_in_store>
                        </link_hover_color>
                        <heading_buttons translate="label">
                            <label>Buttons</label>
                            <frontend_model>adminhtml/system_config_form_field_heading</frontend_model>
                            <sort_order>100</sort_order>
                            <show_in_default>1</show_in_default>
                            <show_in_website>1</show_in_website>
                            <show_in_store>1</show_in_store>
                        </heading_buttons>
                        
                        <button_bg_color translate="label">
                            <label>Button Background Color</label>
                            <frontend_type>text</frontend_type>
                            <frontend_model>trego/adminhtml_system_config_form_field_color</frontend_model>
                            <backend_model>trego/system_config_backend_design_color_validatetransparent</backend_model>
                            <sort_order>110</sort_order>
                            <show_in_default>1</show_in_default>
                            <show_in_website>1</show_in_website>
                            <show_in_store>1</show_in_store>
                        </button_bg_color>
                        <button_color translate="label">
                            <label>Button Text Color</label>
                            <frontend_type>text</frontend_type>
                            <frontend_model>trego/adminhtml_system_config_form_field_color</frontend_model>
                            <backend_model>trego/system_config_backend_design_color_validatetransparent</backend_model>
                            <sort_order>120</sort_order>
                            <show_in_default>1</show_in_default>
                            <show_in_website>1</show_in_website>
                            <show_in_store>1</show_in_store>
                        </button_color>
                        
                        <button_hover_bg_color translate="label">
                            <label>Button Hover Background Color</label>
                            <frontend_type>text</frontend_type>
                            <frontend_model>trego/adminhtml_system_config_form_field_color</frontend_model>
                            <backend_model>trego/system_config_backend_design_color_validatetransparent</backend_model>
                            <sort_order>130</sort_order>
                            <show_in_default>1</show_in_default>
                            <show_in_website>1</show_in_website>
                            <show_in_store>1</show_in_store>
                        </button_hover_bg_color>
                        <button_hover_color translate="label">
                            <label>Button Hover Text Color</label>
                            <frontend_type>text</frontend_type>
                            <frontend_model>trego/adminhtml_system_config_form_field_color</frontend_model>
                            <backend_model>trego/system_config_backend_design_color_validatetransparent</backend_model>
                            <sort_order>140</sort_order>
                            <show_in_default>1</show_in_default>
                            <show_in_website>1</show_in_website>
                            <show_in_store>1</show_in_store>
                        </button_hover_color>
                        
                        <button_active_bg_color translate="label">
                            <label>Button Active Background Color</label>
                            <frontend_type>text</frontend_type>
                            <frontend_model>trego/adminhtml_system_config_form_field_color</frontend_model>
                            <backend_model>trego/system_config_backend_design_color_validatetransparent</backend_model>
                            <sort_order>150</sort_order>
                            <show_in_default>1</show_in_default>
                            <show_in_website>1</show_in_website>
                            <show_in_store>1</show_in_store>
                        </button_active_bg_color>
                        <button_active_color translate="label">
                            <label>Button Active Text Color</label>
                            <frontend_type>text</frontend_type>
                            <frontend_model>trego/adminhtml_system_config_form_field_color</frontend_model>
                            <backend_model>trego/system_config_backend_design_color_validatetransparent</backend_model>
                            <sort_order>160</sort_order>
                            <show_in_default>1</show_in_default>
                            <show_in_website>1</show_in_website>
                            <show_in_store>1</show_in_store>
                        </button_active_color>
                        <heading_labels translate="label">
                            <label>Product Labels</label>
                            <frontend_model>adminhtml/system_config_form_field_heading</frontend_model>
                            <sort_order>500</sort_order>
                            <show_in_default>1</show_in_default>
                            <show_in_website>1</show_in_website>
                            <show_in_store>1</show_in_store>
                        </heading_labels>
                        
                        <label_new_bg_color translate="label">
                            <label>Label "New" Background Color</label>
                            <frontend_type>text</frontend_type>
                            <frontend_model>trego/adminhtml_system_config_form_field_color</frontend_model>
                            <backend_model>trego/system_config_backend_design_color_validatetransparent</backend_model>
                            <sort_order>510</sort_order>
                            <show_in_default>1</show_in_default>
                            <show_in_website>1</show_in_website>
                            <show_in_store>1</show_in_store>
                        </label_new_bg_color>
                        <label_new_color translate="label">
                            <label>Label "New" Text Color</label>
                            <frontend_type>text</frontend_type>
                            <frontend_model>trego/adminhtml_system_config_form_field_color</frontend_model>
                            <backend_model>trego/system_config_backend_design_color_validatetransparent</backend_model>
                            <sort_order>520</sort_order>
                            <show_in_default>1</show_in_default>
                            <show_in_website>1</show_in_website>
                            <show_in_store>1</show_in_store>
                        </label_new_color>
                        <label_sale_bg_color translate="label">
                            <label>Label "Sale" Background Color</label>
                            <frontend_type>text</frontend_type>
                            <frontend_model>trego/adminhtml_system_config_form_field_color</frontend_model>
                            <backend_model>trego/system_config_backend_design_color_validatetransparent</backend_model>
                            <sort_order>530</sort_order>
                            <show_in_default>1</show_in_default>
                            <show_in_website>1</show_in_website>
                            <show_in_store>1</show_in_store>
                        </label_sale_bg_color>
                        <label_sale_color translate="label">
                            <label>Label "Sale" Text Color</label>
                            <frontend_type>text</frontend_type>
                            <frontend_model>trego/adminhtml_system_config_form_field_color</frontend_model>
                            <backend_model>trego/system_config_backend_design_color_validatetransparent</backend_model>
                            <sort_order>540</sort_order>
                            <show_in_default>1</show_in_default>
                            <show_in_website>1</show_in_website>
                            <show_in_store>1</show_in_store>
                        </label_sale_color>
                        
                        <heading_misc translate="label">
                            <label>Other</label>
                            <frontend_model>adminhtml/system_config_form_field_heading</frontend_model>
                            <sort_order>800</sort_order>
                            <show_in_default>1</show_in_default>
                            <show_in_website>1</show_in_website>
                            <show_in_store>1</show_in_store>
                        </heading_misc>
                        
                        <price_color translate="label">
                            <label>Price Color</label>
                            <frontend_type>text</frontend_type>
                            <frontend_model>trego/adminhtml_system_config_form_field_color</frontend_model>
                            <backend_model>trego/system_config_backend_design_color_validatetransparent</backend_model>
                            <sort_order>810</sort_order>
                            <show_in_default>1</show_in_default>
                            <show_in_website>1</show_in_website>
                            <show_in_store>1</show_in_store>
                        </price_color>
                    </fields>
                </colors>
                <font translate="label">
                    <label>Font</label>
                    <frontend_type>text</frontend_type>
                    <sort_order>10</sort_order>
                    <show_in_default>1</show_in_default>
                    <show_in_website>1</show_in_website>
                    <show_in_store>1</show_in_store>
                    <fields>
                        <heading_basic translate="label">
                            <label>Basic Font</label>
                            <frontend_model>adminhtml/system_config_form_field_heading</frontend_model>
                            <sort_order>100</sort_order>
                            <show_in_default>1</show_in_default>
                            <show_in_website>1</show_in_website>
                            <show_in_store>1</show_in_store>
                        </heading_basic>
                        <basic_font_family translate="label">
                            <label>Text Font Family</label>
                            <frontend_type>select</frontend_type>
                            <source_model>trego/system_config_source_design_font_family_basic</source_model>
                            <sort_order>110</sort_order>
                            <show_in_default>1</show_in_default>
                            <show_in_website>1</show_in_website>
                            <show_in_store>1</show_in_store>
                        </basic_font_family>
                        <basic_font_size translate="label">
                            <label>Text Font Size</label>
                            <frontend_type>select</frontend_type>
                            <source_model>trego/system_config_source_design_font_size_basic</source_model>
                            <sort_order>120</sort_order>
                            <show_in_default>1</show_in_default>
                            <show_in_website>1</show_in_website>
                            <show_in_store>1</show_in_store>
                        </basic_font_size>
                        <link_font_family translate="label">
                            <label>Link Font Family</label>
                            <frontend_type>select</frontend_type>
                            <source_model>trego/system_config_source_design_font_family_basic</source_model>
                            <sort_order>130</sort_order>
                            <show_in_default>1</show_in_default>
                            <show_in_website>1</show_in_website>
                            <show_in_store>1</show_in_store>
                        </link_font_family>
                        <link_font_size translate="label">
                            <label>Link Font Size</label>
                            <frontend_type>select</frontend_type>
                            <source_model>trego/system_config_source_design_font_size_basic</source_model>
                            <sort_order>140</sort_order>
                            <show_in_default>1</show_in_default>
                            <show_in_website>1</show_in_website>
                            <show_in_store>1</show_in_store>
                        </link_font_size>
                        <heading_buttons translate="label">
                            <label>Button Font</label>
                            <frontend_model>adminhtml/system_config_form_field_heading</frontend_model>
                            <sort_order>200</sort_order>
                            <show_in_default>1</show_in_default>
                            <show_in_website>1</show_in_website>
                            <show_in_store>1</show_in_store>
                        </heading_buttons>
                        <button_font_family translate="label">
                            <label>Button Font Family</label>
                            <frontend_type>select</frontend_type>
                            <source_model>trego/system_config_source_design_font_family_basic</source_model>
                            <sort_order>210</sort_order>
                            <show_in_default>1</show_in_default>
                            <show_in_website>1</show_in_website>
                            <show_in_store>1</show_in_store>
                        </button_font_family>
                        <button_font_size translate="label">
                            <label>Button Font Size</label>
                            <frontend_type>select</frontend_type>
                            <source_model>trego/system_config_source_design_font_size_basic</source_model>
                            <sort_order>220</sort_order>
                            <show_in_default>1</show_in_default>
                            <show_in_website>1</show_in_website>
                            <show_in_store>1</show_in_store>
                        </button_font_size>
                        <heading_pagetitle translate="label">
                            <label>Page Title Font</label>
                            <frontend_model>adminhtml/system_config_form_field_heading</frontend_model>
                            <sort_order>300</sort_order>
                            <show_in_default>1</show_in_default>
                            <show_in_website>1</show_in_website>
                            <show_in_store>1</show_in_store>
                        </heading_pagetitle>
                        <pagetitle_font_family translate="label">
                            <label>Page Title Font Family</label>
                            <frontend_type>select</frontend_type>
                            <source_model>trego/system_config_source_design_font_family_basic</source_model>
                            <sort_order>310</sort_order>
                            <show_in_default>1</show_in_default>
                            <show_in_website>1</show_in_website>
                            <show_in_store>1</show_in_store>
                        </pagetitle_font_family>
                        <pagetitle_font_size translate="label">
                            <label>Page Title Font Size</label>
                            <frontend_type>select</frontend_type>
                            <source_model>trego/system_config_source_design_font_size_basic</source_model>
                            <sort_order>320</sort_order>
                            <show_in_default>1</show_in_default>
                            <show_in_website>1</show_in_website>
                            <show_in_store>1</show_in_store>
                        </pagetitle_font_size>
                        <heading_other translate="label">
                            <label>Other Font</label>
                            <frontend_model>adminhtml/system_config_form_field_heading</frontend_model>
                            <sort_order>400</sort_order>
                            <show_in_default>1</show_in_default>
                            <show_in_website>1</show_in_website>
                            <show_in_store>1</show_in_store>
                        </heading_other>
                        <price_font_family translate="label">
                            <label>Price Font Family</label>
                            <frontend_type>select</frontend_type>
                            <source_model>trego/system_config_source_design_font_family_basic</source_model>
                            <sort_order>410</sort_order>
                            <show_in_default>1</show_in_default>
                            <show_in_website>1</show_in_website>
                            <show_in_store>1</show_in_store>
                        </price_font_family>
                        <blocktitle_font_family translate="label">
                            <label>Block Title Font Family</label>
                            <frontend_type>select</frontend_type>
                            <source_model>trego/system_config_source_design_font_family_basic</source_model>
                            <sort_order>420</sort_order>
                            <show_in_default>1</show_in_default>
                            <show_in_website>1</show_in_website>
                            <show_in_store>1</show_in_store>
                        </blocktitle_font_family>
                        <blocktitle_font_size translate="label">
                            <label>Block Title Font Size</label>
                            <frontend_type>select</frontend_type>
                            <source_model>trego/system_config_source_design_font_size_basic</source_model>
                            <sort_order>430</sort_order>
                            <show_in_default>1</show_in_default>
                            <show_in_website>1</show_in_website>
                            <show_in_store>1</show_in_store>
                        </blocktitle_font_size>
                    </fields>
                </font>
                <page translate="label">
                    <label>Page</label>
                    <frontend_type>text</frontend_type>
                    <sort_order>20</sort_order>
                    <show_in_default>1</show_in_default>
                    <show_in_website>1</show_in_website>
                    <show_in_store>1</show_in_store>
                    <fields>
                        <bg_color translate="label">
                            <label>Background Color</label>
                            <frontend_type>text</frontend_type>
                            <frontend_model>trego/adminhtml_system_config_form_field_color</frontend_model>
                            <backend_model>trego/system_config_backend_design_color_validatetransparent</backend_model>
                            <sort_order>10</sort_order>
                            <show_in_default>1</show_in_default>
                            <show_in_website>1</show_in_website>
                            <show_in_store>1</show_in_store>
                        </bg_color>
                        <texture translate="label">
                            <label>Texture</label>
                            <frontend_type>select</frontend_type>
                            <frontend_model>trego/adminhtml_system_config_form_field_texture</frontend_model>
                            <source_model>trego/system_config_source_design_texture_names</source_model>
                            <sort_order>100</sort_order>
                            <show_in_default>1</show_in_default>
                            <show_in_website>1</show_in_website>
                            <show_in_store>1</show_in_store>
                        </texture>
                    </fields>
                </page>
                <header translate="label">
                    <label>Header</label>
                    <frontend_type>text</frontend_type>
                    <sort_order>30</sort_order>
                    <show_in_default>1</show_in_default>
                    <show_in_website>1</show_in_website>
                    <show_in_store>1</show_in_store>
                    <fields>
                        <heading_search translate="label">
                            <label>Search box</label>
                            <frontend_model>adminhtml/system_config_form_field_heading</frontend_model>
                            <sort_order>300</sort_order>
                            <show_in_default>1</show_in_default>
                            <show_in_website>1</show_in_website>
                            <show_in_store>1</show_in_store>
                        </heading_search>
                        
                        <search_color translate="label">
                            <label>Search Text Color</label>
                            <frontend_type>text</frontend_type>
                            <frontend_model>trego/adminhtml_system_config_form_field_color</frontend_model>
                            <backend_model>trego/system_config_backend_design_color_validatetransparent</backend_model>
                            <sort_order>310</sort_order>
                            <show_in_default>1</show_in_default>
                            <show_in_website>1</show_in_website>
                            <show_in_store>1</show_in_store>
                        </search_color>
                        <search_hover_color translate="label">
                            <label>Search Hover Text Color</label>
                            <frontend_type>text</frontend_type>
                            <frontend_model>trego/adminhtml_system_config_form_field_color</frontend_model>
                            <backend_model>trego/system_config_backend_design_color_validatetransparent</backend_model>
                            <sort_order>320</sort_order>
                            <show_in_default>1</show_in_default>
                            <show_in_website>1</show_in_website>
                            <show_in_store>1</show_in_store>
                        </search_hover_color>
                        <search_border_color translate="label">
                            <label>Search Border Color</label>
                            <frontend_type>text</frontend_type>
                            <frontend_model>trego/adminhtml_system_config_form_field_color</frontend_model>
                            <backend_model>trego/system_config_backend_design_color_validatetransparent</backend_model>
                            <sort_order>330</sort_order>
                            <show_in_default>1</show_in_default>
                            <show_in_website>1</show_in_website>
                            <show_in_store>1</show_in_store>
                        </search_border_color>
                        <search_border_hover_color translate="label">
                            <label>Search Border Hover Color</label>
                            <frontend_type>text</frontend_type>
                            <frontend_model>trego/adminhtml_system_config_form_field_color</frontend_model>
                            <backend_model>trego/system_config_backend_design_color_validatetransparent</backend_model>
                            <sort_order>340</sort_order>
                            <show_in_default>1</show_in_default>
                            <show_in_website>1</show_in_website>
                            <show_in_store>1</show_in_store>
                        </search_border_hover_color>
                    </fields>
                </header>
                <footer translate="label">
                    <label>Footer</label>
                    <frontend_type>text</frontend_type>
                    <sort_order>500</sort_order>
                    <show_in_default>1</show_in_default>
                    <show_in_website>1</show_in_website>
                    <show_in_store>1</show_in_store>
                    <fields>
                        <color translate="label">
                            <label>Text Color</label>
                            <frontend_type>text</frontend_type>
                            <frontend_model>trego/adminhtml_system_config_form_field_color</frontend_model>
                            <backend_model>trego/system_config_backend_design_color_validatetransparent</backend_model>
                            <sort_order>130</sort_order>
                            <show_in_default>1</show_in_default>
                            <show_in_website>1</show_in_website>
                            <show_in_store>1</show_in_store>
                        </color>
                        <link_color translate="label">
                            <label>Link Color</label>
                            <frontend_type>text</frontend_type>
                            <frontend_model>trego/adminhtml_system_config_form_field_color</frontend_model>
                            <backend_model>trego/system_config_backend_design_color_validatetransparent</backend_model>
                            <sort_order>140</sort_order>
                            <show_in_default>1</show_in_default>
                            <show_in_website>1</show_in_website>
                            <show_in_store>1</show_in_store>
                        </link_color>
                        <link_hover_color translate="label">
                            <label>Link Hover Color</label>
                            <frontend_type>text</frontend_type>
                            <frontend_model>trego/adminhtml_system_config_form_field_color</frontend_model>
                            <backend_model>trego/system_config_backend_design_color_validatetransparent</backend_model>
                            <sort_order>150</sort_order>
                            <show_in_default>1</show_in_default>
                            <show_in_website>1</show_in_website>
                            <show_in_store>1</show_in_store>
                        </link_hover_color>
                        <button_bg_color translate="label">
                            <label>Button Background Color</label>
                            <frontend_type>text</frontend_type>
                            <frontend_model>trego/adminhtml_system_config_form_field_color</frontend_model>
                            <backend_model>trego/system_config_backend_design_color_validatetransparent</backend_model>
                            <sort_order>210</sort_order>
                            <show_in_default>1</show_in_default>
                            <show_in_website>1</show_in_website>
                            <show_in_store>1</show_in_store>
                        </button_bg_color>
                        <button_color translate="label">
                            <label>Button Text Color</label>
                            <frontend_type>text</frontend_type>
                            <frontend_model>trego/adminhtml_system_config_form_field_color</frontend_model>
                            <backend_model>trego/system_config_backend_design_color_validatetransparent</backend_model>
                            <sort_order>220</sort_order>
                            <show_in_default>1</show_in_default>
                            <show_in_website>1</show_in_website>
                            <show_in_store>1</show_in_store>
                        </button_color>
                        <button_hover_bg_color translate="label">
                            <label>Button Hover Background Color</label>
                            <frontend_type>text</frontend_type>
                            <frontend_model>trego/adminhtml_system_config_form_field_color</frontend_model>
                            <backend_model>trego/system_config_backend_design_color_validatetransparent</backend_model>
                            <sort_order>230</sort_order>
                            <show_in_default>1</show_in_default>
                            <show_in_website>1</show_in_website>
                            <show_in_store>1</show_in_store>
                        </button_hover_bg_color>
                        <button_hover_color translate="label">
                            <label>Button Hover Text Color</label>
                            <frontend_type>text</frontend_type>
                            <frontend_model>trego/adminhtml_system_config_form_field_color</frontend_model>
                            <backend_model>trego/system_config_backend_design_color_validatetransparent</backend_model>
                            <sort_order>240</sort_order>
                            <show_in_default>1</show_in_default>
                            <show_in_website>1</show_in_website>
                            <show_in_store>1</show_in_store>
                        </button_hover_color>
                    </fields>
                </footer>
                <footer_top translate="label">
                    <label>Footer - Top</label>
                    <frontend_type>text</frontend_type>
                    <sort_order>510</sort_order>
                    <show_in_default>1</show_in_default>
                    <show_in_website>1</show_in_website>
                    <show_in_store>1</show_in_store>
                    <fields>
                        <color translate="label">
                            <label>Text Color</label>
                            <frontend_type>text</frontend_type>
                            <frontend_model>trego/adminhtml_system_config_form_field_color</frontend_model>
                            <backend_model>trego/system_config_backend_design_color_validatetransparent</backend_model>
                            <sort_order>130</sort_order>
                            <show_in_default>1</show_in_default>
                            <show_in_website>1</show_in_website>
                            <show_in_store>1</show_in_store>
                        </color>
                        <link_color translate="label">
                            <label>Link Color</label>
                            <frontend_type>text</frontend_type>
                            <frontend_model>trego/adminhtml_system_config_form_field_color</frontend_model>
                            <backend_model>trego/system_config_backend_design_color_validatetransparent</backend_model>
                            <sort_order>140</sort_order>
                            <show_in_default>1</show_in_default>
                            <show_in_website>1</show_in_website>
                            <show_in_store>1</show_in_store>
                        </link_color>
                        <link_hover_color translate="label">
                            <label>Link Hover Color</label>
                            <frontend_type>text</frontend_type>
                            <frontend_model>trego/adminhtml_system_config_form_field_color</frontend_model>
                            <backend_model>trego/system_config_backend_design_color_validatetransparent</backend_model>
                            <sort_order>150</sort_order>
                            <show_in_default>1</show_in_default>
                            <show_in_website>1</show_in_website>
                            <show_in_store>1</show_in_store>
                        </link_hover_color>
                    </fields>
                </footer_top>
                <footer_bottom translate="label">
                    <label>Footer - Bottom</label>
                    <frontend_type>text</frontend_type>
                    <sort_order>530</sort_order>
                    <show_in_default>1</show_in_default>
                    <show_in_website>1</show_in_website>
                    <show_in_store>1</show_in_store>
                    <fields>
                        <color translate="label">
                            <label>Text Color</label>
                            <frontend_type>text</frontend_type>
                            <frontend_model>trego/adminhtml_system_config_form_field_color</frontend_model>
                            <backend_model>trego/system_config_backend_design_color_validatetransparent</backend_model>
                            <sort_order>130</sort_order>
                            <show_in_default>1</show_in_default>
                            <show_in_website>1</show_in_website>
                            <show_in_store>1</show_in_store>
                        </color>
                        <link_color translate="label">
                            <label>Link Color</label>
                            <frontend_type>text</frontend_type>
                            <frontend_model>trego/adminhtml_system_config_form_field_color</frontend_model>
                            <backend_model>trego/system_config_backend_design_color_validatetransparent</backend_model>
                            <sort_order>140</sort_order>
                            <show_in_default>1</show_in_default>
                            <show_in_website>1</show_in_website>
                            <show_in_store>1</show_in_store>
                        </link_color>
                        <link_hover_color translate="label">
                            <label>Link Hover Color</label>
                            <frontend_type>text</frontend_type>
                            <frontend_model>trego/adminhtml_system_config_form_field_color</frontend_model>
                            <backend_model>trego/system_config_backend_design_color_validatetransparent</backend_model>
                            <sort_order>150</sort_order>
                            <show_in_default>1</show_in_default>
                            <show_in_website>1</show_in_website>
                            <show_in_store>1</show_in_store>
                        </link_hover_color>
                    </fields>
                </footer_bottom>
            </groups>
        </trego_design>
        <trego_settings translate="label comment" module="trego">
            <tab>tregotheme</tab>
            <label>Theme Settings</label>
            <frontend_type>text</frontend_type>
            <sort_order>303</sort_order>
            <show_in_default>1</show_in_default>
            <show_in_website>1</show_in_website>
            <show_in_store>1</show_in_store>
            <groups>
                <header translate="label comment" module="trego">
                    <label>Header</label>
                    <frontend_type>text</frontend_type>
                    <sort_order>1</sort_order>
                    <show_in_default>1</show_in_default>
                    <show_in_website>1</show_in_website>
                    <show_in_store>1</show_in_store>
                    <fields>
                        <hide_on_mobile translate="label">
                            <label>Hide Mini Cart on Mobile Devices</label>
                            <comment>Mini cart in header can be hidden on mobile devices.</comment>
                            <frontend_type>select</frontend_type>
                            <source_model>adminhtml/system_config_source_yesno</source_model>
                            <sort_order>10</sort_order>
                            <show_in_default>1</show_in_default>
                            <show_in_website>1</show_in_website>
                            <show_in_store>1</show_in_store>
                        </hide_on_mobile>
                        <mini_menu_on_laptop>
                            <label>Enable Minimized Menu on Laptop Screen</label>
                            <comment>Enable Minimized Menu in left navigation bar on Laptop (screen height: less than 800px)</comment>
                            <frontend_type>select</frontend_type>
                            <source_model>adminhtml/system_config_source_yesno</source_model>
                            <sort_order>20</sort_order>
                            <show_in_default>1</show_in_default>
                            <show_in_website>1</show_in_website>
                            <show_in_store>1</show_in_store>
                        </mini_menu_on_laptop>
                    </fields>
                </header>
                <category translate="label comment" module="trego">
                    <label>Category View</label>
                    <frontend_type>text</frontend_type>
                    <sort_order>2</sort_order>
                    <show_in_default>1</show_in_default>
                    <show_in_website>1</show_in_website>
                    <show_in_store>1</show_in_store>
                    <fields>
                        <alternative_image translate="label">
                            <label>Alternative Image</label>
                            <comment>Show thumbnail image when hover in product image area.</comment>
                            <frontend_type>select</frontend_type>
                            <source_model>adminhtml/system_config_source_enabledisable</source_model>
                            <sort_order>10</sort_order>
                            <show_in_default>1</show_in_default>
                            <show_in_website>1</show_in_website>
                            <show_in_store>1</show_in_store>
                        </alternative_image>
                        <right_sidebar translate="label">
                            <label>Show right sidebar</label>
                            <comment>Show right sidebar.</comment>
                            <frontend_type>select</frontend_type>
                            <source_model>adminhtml/system_config_source_yesno</source_model>
                            <sort_order>20</sort_order>
                            <show_in_default>1</show_in_default>
                            <show_in_website>1</show_in_website>
                            <show_in_store>1</show_in_store>
                        </right_sidebar>
                        <layered_nav translate="label">
                            <label>Show Layered Navigation</label>
                            <comment>Show Layered Navigation Bar in the right sidebar.</comment>
                            <frontend_type>select</frontend_type>
                            <source_model>adminhtml/system_config_source_yesno</source_model>
                            <sort_order>30</sort_order>
                            <show_in_default>1</show_in_default>
                            <show_in_website>1</show_in_website>
                            <show_in_store>1</show_in_store>
                        </layered_nav>
                        <hide_compare translate="label">
                            <label>Hide Compare Button</label>
                            <comment>Hide Compare button on the toolbar.</comment>
                            <frontend_type>select</frontend_type>
                            <source_model>adminhtml/system_config_source_yesno</source_model>
                            <sort_order>40</sort_order>
                            <show_in_default>1</show_in_default>
                            <show_in_website>1</show_in_website>
                            <show_in_store>1</show_in_store>
                        </hide_compare>
                        <aspect_ratio translate="label">
                            <label>Keep Image Aspect Ratio</label>
                            <frontend_type>select</frontend_type>
                            <source_model>adminhtml/system_config_source_yesno</source_model>
                            <sort_order>60</sort_order>
                            <show_in_default>1</show_in_default>
                            <show_in_website>1</show_in_website>
                            <show_in_store>1</show_in_store>
                        </aspect_ratio>
                        <ratio_width translate="label">
                            <label>Image Width</label>
                            <frontend_type>text</frontend_type>
                            <sort_order>70</sort_order>
                            <show_in_default>1</show_in_default>
                            <show_in_website>1</show_in_website>
                            <show_in_store>1</show_in_store>
                            <depends>
                                <aspect_ratio>0</aspect_ratio>
                            </depends>
                        </ratio_width>
                        <ratio_height translate="label">
                            <label>Image Height</label>
                            <frontend_type>text</frontend_type>
                            <sort_order>80</sort_order>
                            <show_in_default>1</show_in_default>
                            <show_in_website>1</show_in_website>
                            <show_in_store>1</show_in_store>
                            <depends>
                                <aspect_ratio>0</aspect_ratio>
                            </depends>
                        </ratio_height>
                    </fields>
                </category>
                <category_grid translate="label comment" module="trego">
                    <label>Category View(Grid)</label>
                    <frontend_type>text</frontend_type>
                    <sort_order>3</sort_order>
                    <show_in_default>1</show_in_default>
                    <show_in_website>1</show_in_website>
                    <show_in_store>1</show_in_store>
                    <fields>
                        <hover_button translate="label">
                            <label>Product Hover Links</label>
                            <comment>Show "Add to cart", add to links when hover above the image.</comment>
                            <frontend_type>select</frontend_type>
                            <source_model>adminhtml/system_config_source_enabledisable</source_model>
                            <sort_order>10</sort_order>
                            <show_in_default>1</show_in_default>
                            <show_in_website>1</show_in_website>
                            <show_in_store>1</show_in_store>
                        </hover_button>
                        <hover_effect translate="label">
                            <label>Product Hover Effect</label>
                            <frontend_type>select</frontend_type>
                            <source_model>adminhtml/system_config_source_enabledisable</source_model>
                            <sort_order>20</sort_order>
                            <show_in_default>1</show_in_default>
                            <show_in_website>1</show_in_website>
                            <show_in_store>1</show_in_store>
                        </hover_effect>
                        <ratings translate="label">
                            <label>Show Ratings</label>
                            <frontend_type>select</frontend_type>
                            <source_model>adminhtml/system_config_source_yesno</source_model>
                            <sort_order>30</sort_order>
                            <show_in_default>1</show_in_default>
                            <show_in_website>1</show_in_website>
                            <show_in_store>1</show_in_store>
                        </ratings>
                    </fields>
                </category_grid>
                <category_list translate="label comment" module="trego">
                    <label>Category View(List)</label>
                    <frontend_type>text</frontend_type>
                    <sort_order>4</sort_order>
                    <show_in_default>1</show_in_default>
                    <show_in_website>1</show_in_website>
                    <show_in_store>1</show_in_store>
                    <fields>
                        <hover_effect translate="label">
                            <label>Product Hover Effect</label>
                            <frontend_type>select</frontend_type>
                            <source_model>adminhtml/system_config_source_enabledisable</source_model>
                            <sort_order>20</sort_order>
                            <show_in_default>1</show_in_default>
                            <show_in_website>1</show_in_website>
                            <show_in_store>1</show_in_store>
                        </hover_effect>
                    </fields>
                </category_list>
                <product_label translate="label comment" module="trego">
                    <label>Product Label</label>
                    <frontend_type>text</frontend_type>
                    <sort_order>5</sort_order>
                    <show_in_default>1</show_in_default>
                    <show_in_website>1</show_in_website>
                    <show_in_store>1</show_in_store>
                    <fields>
                        <new translate="label">
                            <label>Show "New" Label</label>
                            <frontend_type>select</frontend_type>
                            <source_model>adminhtml/system_config_source_yesno</source_model>
                            <sort_order>10</sort_order>
                            <show_in_default>1</show_in_default>
                            <show_in_website>1</show_in_website>
                            <show_in_store>1</show_in_store>
                        </new>
                        <sale translate="label">
                            <label>Show "Sale" Label</label>
                            <frontend_type>select</frontend_type>
                            <source_model>adminhtml/system_config_source_yesno</source_model>
                            <sort_order>20</sort_order>
                            <show_in_default>1</show_in_default>
                            <show_in_website>1</show_in_website>
                            <show_in_store>1</show_in_store>
                        </sale>
                    </fields>
                </product_label>
                <product_view translate="label comment" module="trego">
                    <label>Product View</label>
                    <frontend_type>text</frontend_type>
                    <sort_order>6</sort_order>
                    <show_in_default>1</show_in_default>
                    <show_in_website>1</show_in_website>
                    <show_in_store>1</show_in_store>
                    <fields>
                        <related_checkbox translate="label">
                            <label>Related Products Checkbox</label>
                            <frontend_type>select</frontend_type>
                            <source_model>adminhtml/system_config_source_enabledisable</source_model>
                            <sort_order>10</sort_order>
                            <show_in_default>1</show_in_default>
                            <show_in_website>1</show_in_website>
                            <show_in_store>1</show_in_store>
                        </related_checkbox>
                        <heading_image_ratio translate="label">
                            <label>Product image ratio</label>
                            <frontend_model>adminhtml/system_config_form_field_heading</frontend_model>
                            <sort_order>20</sort_order>
                            <show_in_default>1</show_in_default>
                            <show_in_website>1</show_in_website>
                            <show_in_store>1</show_in_store>
                        </heading_image_ratio>
                        <ratio_width translate="label">
                            <label>Image Width</label>
                            <frontend_type>text</frontend_type>
                            <sort_order>30</sort_order>
                            <show_in_default>1</show_in_default>
                            <show_in_website>1</show_in_website>
                            <show_in_store>1</show_in_store>
                        </ratio_width>
                        <ratio_height translate="label">
                            <label>Image Height</label>
                            <frontend_type>text</frontend_type>
                            <sort_order>40</sort_order>
                            <show_in_default>1</show_in_default>
                            <show_in_website>1</show_in_website>
                            <show_in_store>1</show_in_store>
                        </ratio_height>
                    </fields>
                </product_view>
                <footer translate="label comment" module="trego">
                    <label>Footer</label>
                    <frontend_type>text</frontend_type>
                    <sort_order>7</sort_order>
                    <show_in_default>1</show_in_default>
                    <show_in_website>1</show_in_website>
                    <show_in_store>1</show_in_store>
                    <fields>
                        <copyrights translate="label">
                            <label>Copyrights Text</label>
                            <frontend_type>text</frontend_type>
                            <sort_order>10</sort_order>
                            <show_in_default>1</show_in_default>
                            <show_in_website>1</show_in_website>
                            <show_in_store>1</show_in_store>
                        </copyrights>
                        <newsletter translate="label">
                            <label>Show Newsletter Subscribe Form</label>
                            <frontend_type>select</frontend_type>
                            <source_model>adminhtml/system_config_source_yesno</source_model>
                            <sort_order>20</sort_order>
                            <show_in_default>1</show_in_default>
                            <show_in_website>1</show_in_website>
                            <show_in_store>1</show_in_store>
                        </newsletter>
                    </fields>
                </footer>
                <custom_settings translate="label comment" module="trego">
                    <label>Customization Settings</label>
                    <frontend_type>text</frontend_type>
                    <sort_order>8</sort_order>
                    <show_in_default>1</show_in_default>
                    <show_in_website>1</show_in_website>
                    <show_in_store>1</show_in_store>
                    <fields>
                        <custom_css translate="label">
                            <label>Load Custom CSS</label>
                            <comment>Enable this option to load "custom.css" file is located in skin/frontend/default/trego/css directory.</comment>
                            <frontend_type>select</frontend_type>
                            <source_model>adminhtml/system_config_source_enabledisable</source_model>
                            <sort_order>10</sort_order>
                            <show_in_default>1</show_in_default>
                            <show_in_website>1</show_in_website>
                            <show_in_store>1</show_in_store>
                        </custom_css>
                    </fields>
                </custom_settings>
                <install translate="label">
                    <label>Theme Installation</label>
                    <frontend_type>text</frontend_type>
                    <sort_order>9</sort_order>
                    <show_in_default>1</show_in_default>
                    <show_in_website>1</show_in_website>
                    <show_in_store>1</show_in_store>
                    <fields>
                        <heading_import_blocks translate="label">
                            <label>Import Static Blocks</label>
                            <frontend_model>adminhtml/system_config_form_field_heading</frontend_model>
                            <sort_order>100</sort_order>
                            <show_in_default>1</show_in_default>
                            <show_in_website>1</show_in_website>
                            <show_in_store>1</show_in_store>
                        </heading_import_blocks>
                        
                        <import_blocks translate="label">
                            <label>Static Blocks</label>
                            <comment>
                                <![CDATA[Click this button to create all static blocks provided with trego theme.]]>
                            </comment>
                            <frontend_type>button</frontend_type>
                            <frontend_model>trego/adminhtml_button_import_cms</frontend_model>
                            <process>blocks</process>
                            <sort_order>110</sort_order>
                            <show_in_default>1</show_in_default>
                            <show_in_website>1</show_in_website>
                            <show_in_store>1</show_in_store>
                        </import_blocks>
                        <overwrite_blocks translate="label">
                            <label>Overwrite Existing Blocks</label>
                            <comment>If the identifiers of the static blocks are already exist, you can set to "Yes" then save the configuration, then click the "Import Static Blocks" button.</comment>
                            <frontend_type>select</frontend_type>
                            <source_model>adminhtml/system_config_source_yesno</source_model>
                            <sort_order>120</sort_order>
                            <show_in_default>1</show_in_default>
                            <show_in_website>1</show_in_website>
                            <show_in_store>1</show_in_store>
                        </overwrite_blocks>
                        
                        <heading_import_pages translate="label">
                            <label>Import CMS Pages</label>
                            <frontend_model>adminhtml/system_config_form_field_heading</frontend_model>
                            <sort_order>200</sort_order>
                            <show_in_default>1</show_in_default>
                            <show_in_website>1</show_in_website>
                            <show_in_store>1</show_in_store>
                        </heading_import_pages>
                        
                        <import_pages translate="label">
                            <label>CMS Pages</label>
                            <comment>
                                <![CDATA[Click this button to create all CMS pages provided with trego theme.]]>
                            </comment>
                            <frontend_type>button</frontend_type>
                            <frontend_model>trego/adminhtml_button_import_cms</frontend_model>
                            <process>pages</process>
                            <sort_order>210</sort_order>
                            <show_in_default>1</show_in_default>
                            <show_in_website>1</show_in_website>
                            <show_in_store>1</show_in_store>
                        </import_pages>
                        <overwrite_pages translate="label">
                            <label>Overwrite Existing Pages</label>
                            <comment>If the identifiers of the cms pages are already exist, you can set to "Yes" then save the configuration, then click the "Import CMS Pages" button.</comment>
                            <frontend_type>select</frontend_type>
                            <source_model>adminhtml/system_config_source_yesno</source_model>
                            <sort_order>220</sort_order>
                            <show_in_default>1</show_in_default>
                            <show_in_website>1</show_in_website>
                            <show_in_store>1</show_in_store>
                        </overwrite_pages>
                    </fields>
                </install>
            </groups>
        </trego_settings>
    </sections>
</config>
